{"score": 0.30000001192092896, "magnitude": 0.30000001192092896}